"0","# Identificar e remover elementos duplicados"
"0","duplicated_rows <- duplicated(data)"
"0","data_without_duplicates <- data[!duplicated_rows, ]"
"0",""
"0","# Display information about removed duplicates"
"0","cat(""Number of duplicate rows removed:"", sum(duplicated_rows), ""\n"")"
"1","Number of duplicate rows removed:"
"1"," "
"1","16"
"1"," "
"1","
"
"0","# Optional: If you want to reset row indices after removing duplicates"
"0","data_without_duplicates <- data.frame(data_without_duplicates, row.names = NULL)"
"0",""
"0","# Display the updated number of rows and columns"
"0","cat(""Number of rows after removing duplicates:"", nrow(data_without_duplicates), ""\n"")"
"1","Number of rows after removing duplicates:"
"1"," "
"1","7907"
"1"," "
"1","
"
"0","cat(""Number of columns:"", ncol(data_without_duplicates), ""\n"")"
"1","Number of columns:"
"1"," "
"1","16"
"1"," "
"1","
"
